{"validation": {"auc": 0.9104358256697321, "f1": 0.8178137651821862, "precision": 0.808, "recall": 0.8278688524590164, "proba": [0.9582721590995789, 0.985161542892456, 0.8213976621627808, 0.586400032043457, 0.05823585018515587, 0.6326820850372314, 0.9258076548576355, 0.05050947144627571, 0.6829856038093567, 0.04972616955637932, 0.3465006649494171, 0.9461892247200012, 0.05796635523438454, 0.28681036829948425, 0.9405706524848938, 0.9000988602638245, 0.3497357964515686, 0.35399508476257324, 0.5966864228248596, 0.11470608413219452, 0.9501197338104248, 0.5969370007514954, 0.2922613024711609, 0.9359124898910522, 0.8730908632278442, 0.012608084827661514, 0.7158628702163696, 0.19600644707679749, 0.9656231999397278, 0.028667351230978966, 0.9462764263153076, 0.24543410539627075, 0.2984776496887207, 0.658093273639679, 0.15418477356433868, 0.8757234811782837, 0.9512297511100769, 0.9678311944007874, 0.3598116636276245, 0.7413870692253113, 0.27653369307518005, 0.12956663966178894, 0.12599369883537292, 0.8012670874595642, 0.04622698575258255, 0.9478342533111572, 0.8554820418357849, 0.060824744403362274, 0.09229644387960434, 0.9498576521873474, 0.8954547047615051, 0.33196040987968445, 0.13074402511119843, 0.9522659778594971, 0.05630846321582794, 0.8641844987869263, 0.9471824765205383, 0.7741411924362183, 0.020062457770109177, 0.20226211845874786, 0.6577901244163513, 0.33631303906440735, 0.7815333008766174, 0.26382261514663696, 0.1871446967124939, 0.311306357383728, 0.019883891567587852, 0.49417153000831604, 0.8043534755706787, 0.8747249841690063, 0.09212933480739594, 0.9368177652359009, 0.8509488105773926, 0.026009051129221916, 0.052889134734869, 0.04444323480129242, 0.1370498090982437, 0.9725911021232605, 0.8447504639625549, 0.9567093849182129, 0.23245708644390106, 0.9746814966201782, 0.9458311796188354, 0.007358898408710957, 0.8508599400520325, 0.07717158645391464, 0.8494211435317993, 0.49341753125190735, 0.23046204447746277, 0.4155181348323822, 0.9561807513237, 0.3861599862575531, 0.27658921480178833, 0.03387400135397911, 0.13416585326194763, 0.7423256635665894, 0.12085754424333572, 0.9349821209907532, 0.21139264106750488, 0.8845381736755371, 0.08311983197927475, 0.48112496733665466, 0.9483909606933594, 0.20352773368358612, 0.5415803790092468, 0.9752952456474304, 0.6544908285140991, 0.3527623414993286, 0.01616678386926651, 0.47867703437805176, 0.2856224775314331, 0.12302473932504654, 0.8689233660697937, 0.9501323103904724, 0.3068580627441406, 0.0660567507147789, 0.036690764129161835, 0.8858446478843689, 0.712029218673706, 0.8324629068374634, 0.28730297088623047, 0.6706997156143188, 0.8615700006484985, 0.9752823114395142, 0.8179349899291992, 0.022432686761021614, 0.03521925210952759, 0.9768633842468262, 0.2659907341003418, 0.9489230513572693, 0.13000358641147614, 0.32420024275779724, 0.9742786288261414, 0.966432511806488, 0.9340127110481262, 0.58736252784729, 0.8187676668167114, 0.5685187578201294, 0.9008632302284241, 0.6481106877326965, 0.6263217329978943, 0.0881718322634697, 0.05989865958690643, 0.32768514752388, 0.06820334494113922, 0.662850022315979, 0.9358076453208923, 0.3508586883544922, 0.9089773297309875, 0.7552183866500854, 0.11749546974897385, 0.6986582279205322, 0.03634859621524811, 0.530616044998169, 0.09002602100372314, 0.0034984012600034475, 0.054201751947402954, 0.08407478779554367, 0.8840621709823608, 0.32465553283691406, 0.0654011219739914, 0.44222646951675415, 0.06545831263065338, 0.27719995379447937, 0.9584792852401733, 0.4669899642467499, 0.35533997416496277, 0.4104384183883667, 0.5009670257568359, 0.24699674546718597, 0.4632352590560913, 0.1375829577445984, 0.2432519644498825, 0.022738361731171608, 0.7002080082893372, 0.02239896170794964, 0.5407236814498901, 0.9089288711547852, 0.9658800959587097, 0.06632659584283829, 0.40635496377944946, 0.9353114366531372, 0.6390989422798157, 0.8937844038009644, 0.942021369934082, 0.47086337208747864, 0.09921041131019592, 0.9827603101730347, 0.294546902179718, 0.8638642430305481, 0.15174612402915955, 0.02926860935986042, 0.2490566372871399, 0.8474768996238708, 0.14311525225639343, 0.2257346361875534, 0.28963562846183777, 0.9846620559692383, 0.788287878036499, 0.5580073595046997, 0.9066682457923889, 0.43901440501213074, 0.3744717836380005, 0.7944285869598389, 0.9800092577934265, 0.8630310297012329, 0.32967549562454224, 0.802673876285553, 0.2634905278682709, 0.4245627820491791, 0.5508061647415161, 0.06879584491252899, 0.06318823993206024, 0.9524969458580017, 0.9890009164810181, 0.11836376041173935, 0.586967945098877, 0.24569103121757507, 0.4224509596824646, 0.9158473014831543, 0.8540456295013428, 0.8416339159011841, 0.6040317416191101, 0.11469561606645584, 0.9498623609542847, 0.9676950573921204, 0.9774261116981506, 0.9156101942062378, 0.971964418888092, 0.25424572825431824, 0.9839869737625122, 0.7616681456565857, 0.9783114790916443, 0.9710826277732849, 0.588668167591095, 0.26407063007354736, 0.629827082157135, 0.6070335507392883, 0.24110150337219238, 0.9564135670661926, 0.022644497454166412, 0.004922267980873585, 0.6769471168518066, 0.816952645778656, 0.8719878792762756], "pred": [1, 1, 1, 1, 0, 1, 1, 0, 1, 0, 0, 1, 0, 0, 1, 1, 0, 0, 1, 0, 1, 1, 0, 1, 1, 0, 1, 0, 1, 0, 1, 0, 0, 1, 0, 1, 1, 1, 0, 1, 0, 0, 0, 1, 0, 1, 1, 0, 0, 1, 1, 0, 0, 1, 0, 1, 1, 1, 0, 0, 1, 0, 1, 0, 0, 0, 0, 0, 1, 1, 0, 1, 1, 0, 0, 0, 0, 1, 1, 1, 0, 1, 1, 0, 1, 0, 1, 0, 0, 0, 1, 0, 0, 0, 0, 1, 0, 1, 0, 1, 0, 0, 1, 0, 1, 1, 1, 0, 0, 0, 0, 0, 1, 1, 0, 0, 0, 1, 1, 1, 0, 1, 1, 1, 1, 0, 0, 1, 0, 1, 0, 0, 1, 1, 1, 1, 1, 1, 1, 1, 1, 0, 0, 0, 0, 1, 1, 0, 1, 1, 0, 1, 0, 1, 0, 0, 0, 0, 1, 0, 0, 0, 0, 0, 1, 0, 0, 0, 1, 0, 0, 0, 0, 0, 1, 0, 1, 1, 1, 0, 0, 1, 1, 1, 1, 0, 0, 1, 0, 1, 0, 0, 0, 1, 0, 0, 0, 1, 1, 1, 1, 0, 0, 1, 1, 1, 0, 1, 0, 0, 1, 0, 0, 1, 1, 0, 1, 0, 0, 1, 1, 1, 1, 0, 1, 1, 1, 1, 1, 0, 1, 1, 1, 1, 1, 0, 1, 1, 0, 1, 0, 0, 1, 1, 1]}, "test": {"auc": 0.9371405909181042, "f1": 0.8862745098039215, "precision": 0.8560606060606061, "recall": 0.9186991869918699,